Size,CPU Time(ms),CUDA Time(ms),Tiled CUDA Time(ms)
64,3.469000,0.028320,0.009216
128,8.846000,0.015296,0.010240
256,56.632000,0.053280,0.038912
512,568.061000,0.364160,0.270144
1024,7867.572000,2.714336,2.042880
2048,78874.461000,21.435200,16.196447
